Titulo,Link,Informacion,Email,Sitio,Direccion,Telefono,Telefono2
"Senior Quality Assurance Automation Engineer
                ",http://www.nubelo.com/proyecto/senior-quality-assurance-automation-engineer
"Ingeniero desarrollador
                ",http://www.nubelo.com/proyecto/ingeniero-desarrollador-13
"dibujante planos, autocad
                ",http://www.nubelo.com/proyecto/dibujante-planos-autocad
"Portar una aplicación Linux Intel a Linux ARM
                ",http://www.nubelo.com/proyecto/portar-una-aplicacion-linux-intel-a-linux-arm
"Traducciones/Translates by Maia-More than 13 years experience-Más de 13 años en experiencia
                ",http://www.nubelo.com/proyecto/traduccionestranslates-by-maia-more-than-13-years-experience-mas-de-13-anos-en-experiencia
"Diseñar y maquetar 20 Slides con Slider Revolution 
                ",http://www.nubelo.com/proyecto/disenar-y-maquetar-20-slides-con-slider-revolution
"Formulario para Joomla, con exportación AUTOMATiCA a excel por cada formulario completado
                ",http://www.nubelo.com/proyecto/formulario-para-joomla-con-exportacion-automatica-a-excel-por-cada-formulario-completado
"aplicación móvil para una web
                ",http://www.nubelo.com/proyecto/aplicacion-molil-para-una-web
"Guión para real game
                ",http://www.nubelo.com/proyecto/guion-para-real-game
"Desarrollador Winforms.net
                ",http://www.nubelo.com/proyecto/desarrollador-winformsnet
"Desarrollador backend
                ",http://www.nubelo.com/proyecto/desarrollador-backend-27
"Diseñador gráfico - dibujante
                ",http://www.nubelo.com/proyecto/disenador-grafico-dibujante-2
"Animación 2D en  After Effects 
                ",http://www.nubelo.com/proyecto/animacion-2d-en-after-effects
"INSTALACION DE THEME WORDPRESS Y ENSEÑAR
                ",http://www.nubelo.com/proyecto/instalacion-de-theme-wordpress-y-ensenar
"programador php
                ",http://www.nubelo.com/proyecto/programador-php-914
"Creacion de banner 
                ",http://www.nubelo.com/proyecto/creacion-de-banner--3
"diseño web
                ",http://www.nubelo.com/proyecto/diseno-web-496
"PREPARACIÓN DE TEMAS DE OPOSICIONES PARA INGENIEROS
                ",http://www.nubelo.com/proyecto/preparacion-de-temas-de-oposiciones-para-ingenieros
"Editar Template PowerPoint
                ",http://www.nubelo.com/proyecto/editar-template-powerpoint
"Redactor: Social Media, Blogger 
                ",http://www.nubelo.com/proyecto/redactor-social-media-blogger-1
"Agencia Busca Redactores Profesionales.
                ",http://www.nubelo.com/proyecto/agencia-busca-redactores-profesionales
"Logotipo inicialmente. Identidad corporativa completa despues (especialmente maquetacion de flyers y publicidad impresa)
                ",http://www.nubelo.com/proyecto/logotipo-inicialmente-identidad-corporativa-completa-despues-especialmente-maquetacion-de-flyers-y-publicidad-impresa
"TRANSCRIPTORA
                ",http://www.nubelo.com/proyecto/transcriptora-1
"Desarrollo y mantenimiento de backend en C++
                ",http://www.nubelo.com/proyecto/desarrollo-y-mantenimiento-de-backend-en-c
"Crear una RED SOCIAL  /  Create a Social Network
                ",http://www.nubelo.com/proyecto/crear-una-red-social-create-a-social-network
"programador desarrollo web
                ",http://www.nubelo.com/proyecto/programador-desarrollo-web-2
"SEO Freelance
                ",http://www.nubelo.com/proyecto/seo-freelance-6
"Integración API de Payulatam con Woocommerce
                ",http://www.nubelo.com/proyecto/integracion-api-de-payulatam-con-woocommerce
"Banner Para casting Escorts Alto nivel
                ",http://www.nubelo.com/proyecto/banner-para-casting-escorts-alto-nivel
"Programador python Ssr / Sr 
                ",http://www.nubelo.com/proyecto/programador-python-ssr-sr
"Integrar paypal a mi website 
                ",http://www.nubelo.com/proyecto/integrar-paypal-a-mi-website
"crear la web de mi empresa
                ",http://www.nubelo.com/proyecto/crear-la-web-de-mi-empresa-70
"EDICION DE LIBRO, DISEÑO
                ",http://www.nubelo.com/proyecto/edicion-de-libro-diseno
"Community Manager Freelance
                ",http://www.nubelo.com/proyecto/community-manager-freelance-24
"Captar expositores
                ",http://www.nubelo.com/proyecto/captar-expositores
"Diseñar un logo
                ",http://www.nubelo.com/proyecto/disenar-un-logo-14
"PROFESORES 
                ",http://www.nubelo.com/proyecto/profesores--11
"Realizar telemarketing para empresas de educación en ECUADOR
                ",http://www.nubelo.com/proyecto/realizar-telemarketing-para-empresas-de-educacion-en-ecuador
"Crear facebook y identidad
                ",http://www.nubelo.com/proyecto/crear-facebook-y-identidad
"Diseñador para Facebook 
                ",http://www.nubelo.com/proyecto/disenador-para-facebook
"Traduccion español a italiano
                ",http://www.nubelo.com/proyecto/traduccion-espanol-a-italiano
"URGENTE: Diseñar una propuesta para una empresa
                ",http://www.nubelo.com/proyecto/urgente-disenar-una-propuesta-para-una-empresa
"URGENTE: Creación/Diseño de una propuesta para un proyecto
                ",http://www.nubelo.com/proyecto/urgente-creaciondiseno-de-una-propuesta-para-un-proyecto
"experto en rendimiento y seguridad Wordpress
                ",http://www.nubelo.com/proyecto/experto-en-rendimiento-y-seguridad-wordpress-1
"Pagina web y logo empresa
                ",http://www.nubelo.com/proyecto/pagina-web-y-logo-empresa
"Project Manager SAP
                ",http://www.nubelo.com/proyecto/project-manager-sap-2
"Programación de macro en excel para traspaso de información de una hoja a otra con diferente configuración
                ",http://www.nubelo.com/proyecto/programacion-de-macro-en-excel-para-traspaso-de-informacion-de-una-hoja-a-otra-con-diferente-configuracion
"Diseño de Proyecto en ARCHICAD
                ",http://www.nubelo.com/proyecto/diseno-de-proyecto-en-archicad-1
"Diseño de bolsas plásticas para empacar cubiertos desechables de madera
                ",http://www.nubelo.com/proyecto/diseno-de-bolsas-plasticas-para-empacar-cubiertos-desechables-de-madera
"Un Logotipo
                ",http://www.nubelo.com/proyecto/un-logotipo-9
"Diseñar cartel publicitario A5
                ",http://www.nubelo.com/proyecto/disenar-cartel-publicitario-a5
"Comercial Freelance sector idiomas
                ",http://www.nubelo.com/proyecto/comercial-freelance-sector-idiomas
"Test_Chatin 
                ",http://www.nubelo.com/proyecto/test-chatin
"Redactor experto en Finanzas
                ",http://www.nubelo.com/proyecto/redactor-experto-en-finanzas
"comercial ventas
                ",http://www.nubelo.com/proyecto/comercial-ventas-4
"Crear rediseño de un Sitio
                ",http://www.nubelo.com/proyecto/crear-rediseno-de-un-sitio
"Producción de libros digitales
                ",http://www.nubelo.com/proyecto/produccion-de-libros-digitales-1
"Maquetador eCommerce
                ",http://www.nubelo.com/proyecto/maquetador-ecommerce-1
"Traducción contenido de español a inglés
                ",http://www.nubelo.com/proyecto/traduccion-contenido-de-espanol-a-ingles
"Creación de una web
                ",http://www.nubelo.com/proyecto/creacion-de-una-web-12
"Senior DRUPAL Developer Needed!
                ",http://www.nubelo.com/proyecto/senior-drupal-developer-needed-1
"Mantenimiento de sitio web en Php + Symfony
                ",http://www.nubelo.com/proyecto/mantenimiento-de-sitio-web-en-php-symfony
"Animador freelances de personajes 2D en After Effects
                ",http://www.nubelo.com/proyecto/animador-freelances-de-personajes-2d-en-after-effects
"ilustrador para tatuaje
                ",http://www.nubelo.com/proyecto/ilustrador-para-tatuaje
"Asesoria para un Canal de Youtube
                ",http://www.nubelo.com/proyecto/asesoria-para-un-canal-de-youtube
"SOCIAL MEDIA MANAGER
                ",http://www.nubelo.com/proyecto/social-media-manager-30
"Modificación Tienda Online Wordpress
                ",http://www.nubelo.com/proyecto/modificacion-tienda-online-wordpress
"Especialista SEM - Google Adwords
                ",http://www.nubelo.com/proyecto/especialista-sem-google-adwords
"Diseño de banners
                ",http://www.nubelo.com/proyecto/diseno-de-banners-39
"Redacción artículos comercio electrónico / programación
                ",http://www.nubelo.com/proyecto/redaccion-articulos-comercio-electronico-programacion
"Website para crear presupuestos
                ",http://www.nubelo.com/proyecto/website-para-crear-presupuestos
"Algoritmo para motor de busqueda basado en sentiment analysis y Big Datav
                ",http://www.nubelo.com/proyecto/algoritmo-para-motor-de-busqueda-basado-en-sentiment-analysis-y-big-datav-1
"Editor corrector
                ",http://www.nubelo.com/proyecto/editor-corrector
"Diseños para camisetas de bebe
                ",http://www.nubelo.com/proyecto/disenos-para-camisetas-de-bebe
"Edición de Vídeos + Gestión de Redes Sociales
                ",http://www.nubelo.com/proyecto/edicion-de-videos-gestion-de-redes-sociales
"post blog
                ",http://www.nubelo.com/proyecto/post-blog
"Diseñador / Programador páginas Web
                ",http://www.nubelo.com/proyecto/disenador-programador-paginas-web-1
"Vectorizar dibujos 
                ",http://www.nubelo.com/proyecto/vectorizar-dibujos
"Abrir un Wordpress.org
                ",http://www.nubelo.com/proyecto/abrir-un-wordpressorg
"Crear logo e identidad corporativa
                ",http://www.nubelo.com/proyecto/crear-logo-e-identidad-corporativa-1
"Creador de web a la carta.
                ",http://www.nubelo.com/proyecto/creador-de-web-a-la-carta
"Desarrollar una aplicación de escritorio con Base de Datos SQL
                ",http://www.nubelo.com/proyecto/desarrollar-una-aplicacion-de-escritorio-con-base-de-datos-sql
"Crear web para vender curso online con Membresias
                ",http://www.nubelo.com/proyecto/crear-web-para-vender-curso-online-con-membresias
"Crear un catálogo de productos en Wordpress
                ",http://www.nubelo.com/proyecto/crear-un-catalogo-de-productos-en-wordpress
"Crear un e-market place BtoC para un determinado sector tematico
                ",http://www.nubelo.com/proyecto/crear-un-e-market-place-btoc-para-un-determinado-sector-tematico
"Programación de Aplicación Android Nativa + WebAPI
                ",http://www.nubelo.com/proyecto/programacion-de-aplicacion-android-nativa-webapi
"Desarrollo modulo Moodle
                ",http://www.nubelo.com/proyecto/desarrollo-modulo-moodle
"Aplicación web en raspberry o similar
                ",http://www.nubelo.com/proyecto/aplicacion-web-en-raspberry-o-similar
"Hacer un upgrade de Magento de 1.8.0.0 a 1.9.2.1
                ",http://www.nubelo.com/proyecto/hacer-un-upgrade-de-magento-de-1800-a-1921
"Solucionar problema con keyboard hook y keystroke para un ejecutable.
                ",http://www.nubelo.com/proyecto/solucionar-problema-con-keyboard-hook-y-keystroke-para-un-ejecutable
"Para algo particular
                ",http://www.nubelo.com/proyecto/para-algo-particular
"Redaccion y gestion de Blog
                ",http://www.nubelo.com/proyecto/redaccion-y-gestion-de-blog
"Diseñador para armar catálogo de productos (tiene que verse el catálogo en ese formato tanto digital como disponible para descargarlo)
                ",http://www.nubelo.com/proyecto/disenador-para-armar-catalogo-de-productos-tiene-que-verse-el-catalogo-en-ese-formato-tanto-digital-como-disponible-para-descargarlo
"Mejorar plantilla excel
                ",http://www.nubelo.com/proyecto/mejorar-plantilla-excel
"Profesional en Facebook ads y estrategias de Marketing
                ",http://www.nubelo.com/proyecto/profesional-en-facebook-ads-y-estrategias-de-marketing
"crear el logo de mi empresa
                ",http://www.nubelo.com/proyecto/crear-el-logo-de-mi-empresa-6
"Renovación Página Web Con Diferentes niveles de Acceso a la Información
                ",http://www.nubelo.com/proyecto/renovacion-pagina-web-con-diferentes-niveles-de-acceso-a-la-informacion
"Experto en citrix, problema 
                ",http://www.nubelo.com/proyecto/experto-en-citrix-problema
"Buscamos traductor de frases de español a  portugués (Portugués Nativo)
                ",http://www.nubelo.com/proyecto/buscamos-traductor-de-frases-de-espanol-a-portugues-portugues-nativo
"Incorporar animador a mi equipo para hacer vídeos animados
                ",http://www.nubelo.com/proyecto/incorporar-animador-a-mi-equipo-para-hacer-videos-animados
"Técnico de sonido directo para rodaje de documental en Paraguay, Colombia y Camerún
                ",http://www.nubelo.com/proyecto/tecnico-de-sonido-directo-para-rodaje-de-documental-en-paraguay-colombia-y-camerun
"Free Lancer´s Socioeconómicos
                ",http://www.nubelo.com/proyecto/free-lancer-s-socioeconomicos
"Comercio en Facebook
                ",http://www.nubelo.com/proyecto/comercio-en-facebook-2
"Comercio en Facebook
                ",http://www.nubelo.com/proyecto/comercio-en-facebook-1
"Comercio en Facebook
                ",http://www.nubelo.com/proyecto/comercio-en-facebook
"Maquetar entorno gestión con plantilla METRONIC
                ",http://www.nubelo.com/proyecto/maquetar-entorno-gestion-con-plantilla-metronic
"Redactor experto en ventas
                ",http://www.nubelo.com/proyecto/redactor-experto-en-ventas
"Web corporativa y tienda online Drupal
                ",http://www.nubelo.com/proyecto/web-corporativa-y-tienda-online-drupal
"Necesito una web responsive en Wordpress usando GeneratePress junto a Thrive Content Builder
                ",http://www.nubelo.com/proyecto/necesito-una-web-responsive-en-wordpress-usando-generatepress-junto-a-thrive-content-builder
"Redacción contenido para blog
                ",http://www.nubelo.com/proyecto/redaccion-contenido-para-blog
"Desarrollo web (metabuscador)
                ",http://www.nubelo.com/proyecto/desarrollo-web-metabuscador
"Crear una web en wordpress
                ",http://www.nubelo.com/proyecto/crear-una-web-en-wordpress-4
"COMMUNITY MANAGER
                ",http://www.nubelo.com/proyecto/community-manager-503
"Crear un videojuego de lucha en primera persona
                ",http://www.nubelo.com/proyecto/crear-un-videojuego-de-lucha-en-primera-persona
"Fotometría
                ",http://www.nubelo.com/proyecto/fotometria
"Traducir artículos sobre ganar dinero
                ",http://www.nubelo.com/proyecto/traducir-articulos-sobre-ganar-dinero
"HTML5 ANIMACION SLIDER REVOLUTINSLIDER
                ",http://www.nubelo.com/proyecto/html5-animacion-slider-revolutinslider
"Front-End developer
                ",http://www.nubelo.com/proyecto/front-end-developer-112
"Una hora de formacion Apache2 y SSL
                ",http://www.nubelo.com/proyecto/una-hora-de-formacion-apache2-y-ssl-1
"implementación de Quickbooks online
                ",http://www.nubelo.com/proyecto/implementacion-de-quickbooks-online
"Posicionamiento WEB, SEO, Marketing Online y Redes Sociales
                ",http://www.nubelo.com/proyecto/posicionamiento-web-seo-marketing-online-y-redes-sociales
"marketing
                ",http://www.nubelo.com/proyecto/marketing-304
"Experto en OsClass
                ",http://www.nubelo.com/proyecto/experto-en-osclass
"Profesional para gestionar la reputación online de mi empresa.
                ",http://www.nubelo.com/proyecto/profesional-para-gestionar-la-reputacion-online-de-mi-empresa
"tecnico de enfermeria
                ",http://www.nubelo.com/proyecto/tecnico-de-enfermeria
"Redacción de guiones para vídeos animados de 60 segundos (150-180 palabras)
                ",http://www.nubelo.com/proyecto/redaccion-de-guiones-para-videos-animados-de-60-segundos-150-180-palabras
"Programador Senior Java. Servicios SOAP y REST
                ",http://www.nubelo.com/proyecto/programador-senior-java-servicios-soap-y-rest
"Profesional de SEO&SEM y Google Adwords
                ",http://www.nubelo.com/proyecto/profesional-de-seosem-y-google-adwords
".NET senior software developer
                ",http://www.nubelo.com/proyecto/net-senior-software-developer
"Redacción de 5 artículos en el nicho de búsqueda de empleo
                ",http://www.nubelo.com/proyecto/redaccion-de-5-articulos-en-el-nicho-de-busqueda-de-empleo
"Tenemos que realizar pruebas para el desarrollo de nuestras aplicaciones.
                ",http://www.nubelo.com/proyecto/tenemos-que-realizar-pruebas-para-el-desarrollo-de-nuestras-aplicaciones-2
"NARRADOR - LOCUTOR DE AUDIOLIBROS
                ",http://www.nubelo.com/proyecto/narrador-locutor-de-audiolibros
"Animación de vídeo animado 
                ",http://www.nubelo.com/proyecto/animacion-de-video-animado-1
"Proyecto diseño gráfico digital para empresa Ecommerce
                ",http://www.nubelo.com/proyecto/proyecto-diseno-grafico-digital-para-empresa-ecommerce
"crear presentacion para clientes
                ",http://www.nubelo.com/proyecto/crear-presentacion-para-clientes
"Crear video profesional para congreso
                ",http://www.nubelo.com/proyecto/crear-video-profesional-para-congreso
"Mejorar la red institucional
                ",http://www.nubelo.com/proyecto/mejorar-la-red-institucional
"Técnico-Comercial Informático
                ",http://www.nubelo.com/proyecto/tecnico-comercial-informatico
"Cálculo o fórmula estadística
                ",http://www.nubelo.com/proyecto/calculo-o-formula-estadistica
"Creacion de un modulo virtual de guias para enseñanza del ingles
                ",http://www.nubelo.com/proyecto/creacion-de-un-modulo-virtual-de-guias-para-ensenanza-del-ingles
"Desarrollo de aplicación móvil Android e IOS 
                ",http://www.nubelo.com/proyecto/desarrollo-de-aplicacion-movil-android-e-ios
"Redactor/a Bloguero/a temática de bodas y eventos. Crear marketing
                ",http://www.nubelo.com/proyecto/redactora-blogueroa-tematica-de-bodas-y-eventos-crear-marketing
"Diseñador gráfico freelance
                ",http://www.nubelo.com/proyecto/disenador-grafico-freelance-26
"Experto en Wordpress y woocommerç
                ",http://www.nubelo.com/proyecto/experto-en-wordpress-y-woocommerc-1
"Redactar notas relacionadas con IT
                ",http://www.nubelo.com/proyecto/redactar-notas-relacionadas-con-it
"Completar una app móvil
                ",http://www.nubelo.com/proyecto/completar-una-app-movil
"Implementación de Pentaho
                ",http://www.nubelo.com/proyecto/implementacion-de-pentaho
"Programador para proyecto web
                ",http://www.nubelo.com/proyecto/programador-para-proyecto-web-1
"Plug In Yoast
                ",http://www.nubelo.com/proyecto/plug-in-yoast
"Prototipo AUTOCAD
                ",http://www.nubelo.com/proyecto/prototipo-autocad
"traductor
                ",http://www.nubelo.com/proyecto/traductor-381
"Backend en PHP
                ",http://www.nubelo.com/proyecto/backend-en-php-1
"Desarrollo web
                ",http://www.nubelo.com/proyecto/community-manager-501
"Crear el diseño para un vinilo de puerta de minibar de hotel
                ",http://www.nubelo.com/proyecto/crear-el-diseno-para-un-vinilo-de-puerta-de-minibar-de-hotel
"Optimizar webs Wordpress
                ",http://www.nubelo.com/proyecto/optimizar-webs-wordpress
"Programador Junior C#/SQL SERVER
                ",http://www.nubelo.com/proyecto/programador-junior-csql-server
"Re diseño de sitio web
                ",http://www.nubelo.com/proyecto/re-diseno-de-sitio-web
"os commerce
                ",http://www.nubelo.com/proyecto/os-commerce
"Professional sales support
                ",http://www.nubelo.com/proyecto/professional-sales-support
"periodista freelance 
                ",http://www.nubelo.com/proyecto/periodista-freelance-4
" Mantenimiento y mejoras en web inmobiliaria en DRUPAL
                ",http://www.nubelo.com/proyecto/mantenimiento-y-mejoras-en-web-inmobiliaria-en-drupal
"Hacer un video 
                ",http://www.nubelo.com/proyecto/hacer-un-video--3
"Asesores Comerciales
                ",http://www.nubelo.com/proyecto/asesores-comerciales-19
"Desarrollo módulo de gastos en sistema existente sobre Laravel (PHP)
                ",http://www.nubelo.com/proyecto/desarrollo-modulo-de-gastos-en-sistema-existente-sobre-laravel-php
"Especialista en Openstack
                ",http://www.nubelo.com/proyecto/especialista-en-openstack
"Implementacion y Ejecucion Estrategia Email Marketing
                ",http://www.nubelo.com/proyecto/implementacion-y-ejecucion-estrategia-email-marketing
"MAQUETAR UN EBOOK 
                ",http://www.nubelo.com/proyecto/maquetar-un-ebook
"Terminar de desarrollar una aplicación Mobile en IONIC
                ",http://www.nubelo.com/proyecto/terminar-de-desarrollar-una-aplicacion-mobile-en-ionic
"Implementacion y Ejecucion Estrategia Social Media
                ",http://www.nubelo.com/proyecto/implementacion-y-ejecucion-estrategia-social-media
"Solo para residentes de Francia. Ganá dinero mirando deportes desde tu casa. Carga de datos deportivos!
                ",http://www.nubelo.com/proyecto/solo-para-residentes-de-francia-gana-dinero-mirando-deportes-desde-tu-casa-carga-de-datos-deportivos
"Solo para residentes de Alemania. Ganá dinero mirando deportes desde tu casa. Carga de datos deportivos!
                ",http://www.nubelo.com/proyecto/solo-para-residentes-de-alemania-gana-dinero-mirando-deportes-desde-tu-casa-carga-de-datos-deportivos
"Captación de Proveedores para Bartering 
                ",http://www.nubelo.com/proyecto/captacion-de-proveedores-para-bartering
"Webapp
                ",http://www.nubelo.com/proyecto/webapp-4
"Comercial Eventos Sector Audiovisal
                ",http://www.nubelo.com/proyecto/comercial-eventos-sector-audiovisal
"Vender plataforma
                ",http://www.nubelo.com/proyecto/vender-plataforma
"Diseñadores Free Lance
                ",http://www.nubelo.com/proyecto/disenadores-free-lance-1
"Realizar un video documental de un viaje
                ",http://www.nubelo.com/proyecto/realizar-un-video-documental-de-un-viaje
"Técnico de Helpdesk y servidores
                ",http://www.nubelo.com/proyecto/tecnico-de-helpdesk-y-servidores
"Reescritura y mejora de textos para páginas web
                ",http://www.nubelo.com/proyecto/reescritura-y-mejora-de-textos-para-paginas-web
"Ingeniero Soporte Sublimación
                ",http://www.nubelo.com/proyecto/ingeniero-soporte-sublimacion
"CREAR WEB DE MI EMPRESA
                ",http://www.nubelo.com/proyecto/crear-web-de-mi-empresa-17
"Creación de revista 
                ",http://www.nubelo.com/proyecto/creacion-de-revista
"Soporte para Red5
                ",http://www.nubelo.com/proyecto/soporte-para-red5
"Manual de instruccciones
                ",http://www.nubelo.com/proyecto/manual-de-instruccciones
"Animador Digital & Motion Graphics
                ",http://www.nubelo.com/proyecto/animador-digital-motion-graphics
"administrar portal
                ",http://www.nubelo.com/proyecto/administrar-portal
"Actualizar aplicaciones para el servidor Red5
                ",http://www.nubelo.com/proyecto/actualizar-aplicaciones-para-el-servidor-red5
"Modificación en pagina web
                ",http://www.nubelo.com/proyecto/modificacion-en-pagina-web
"APP para empresa espectáculos de terror
                ",http://www.nubelo.com/proyecto/app-para-empresa-espectaculos-de-terror
"busco programador para formulario con autorespuesta
                ",http://www.nubelo.com/proyecto/busco-programador-para-formulario-con-autorespuesta-1
"Resolución consulta muy concreta sobre tipos Impuesto sobre Transmisiones Patrimoniales
                ",http://www.nubelo.com/proyecto/resolucion-consulta-muy-concreta-sobre-tipos-impuesto-sobre-transmisiones-patrimoniales
"Añadir funcionalidades y corregir algun error en una web desarrollada en Drupal 
                ",http://www.nubelo.com/proyecto/anadir-funcionalidades-y-corregir-algun-error-en-una-web-desarrollada-en-drupal
"Un proyecto de aplicación celular solo para IOS.
                ",http://www.nubelo.com/proyecto/un-proyecto-de-aplicacion-celular-solo-para-ios
"Sitio Web - Social Network
                ",http://www.nubelo.com/proyecto/sitio-web-social-network
"desarrollo plataforma crowdfunding 
                ",http://www.nubelo.com/proyecto/desarrollo-plataforma-crowdfunding
"Creación de una aplicación interna para gestión de ordenes de producción
                ",http://www.nubelo.com/proyecto/creacion-de-una-aplicacion-interna-para-gestion-de-ordenes-de-produccion
"SItio web para la intermediacion y venta de propiedades
                ",http://www.nubelo.com/proyecto/sitio-web-para-la-intermediacion-y-venta-de-propiedades
"Desarrollo y puesta online aplicación Android / IOS
                ",http://www.nubelo.com/proyecto/desarrollo-y-puesta-online-aplicacion-android-ios
"Desarrollo de una app con Magento
                ",http://www.nubelo.com/proyecto/desarrollo-de-una-app-con-magento
"Desarrollo y revisión de plataforma web
                ",http://www.nubelo.com/proyecto/desarrollo-y-revision-de-plataforma-web
"Realizar telemarketing
                ",http://www.nubelo.com/proyecto/realizar-telemarketing
"ASESORES TELEFÓNICOS
                ",http://www.nubelo.com/proyecto/asesores-telefonicos-1
"Psicólogos Freelance para investigación de mercados
                ",http://www.nubelo.com/proyecto/psicologos-freelance-para-investigacion-de-mercados
"Buscamos profesional para crear videos tutoriales y promocionales para tienda online.
                ",http://www.nubelo.com/proyecto/buscamos-profesional-para-crear-videos-tutoriales-y-promocionales-para-tienda-online
"ajustar la web de la empresa
                ",http://www.nubelo.com/proyecto/ajustar-la-web-de-la-empresa
"MIGRACION DE SITIO WEB MAGENTO 1.7 A VERSION 2.X. SE DISPONE DE LA BASE DE DATOS EXISTENTE Y EL SISTEMA DE ARCHIVOS.
                ",http://www.nubelo.com/proyecto/migracion-de-sitio-web-magento-17-a-version-2x-se-dispone-de-la-base-de-datos-existente-y-el-sistema-de-archivos
"App
                ",http://www.nubelo.com/proyecto/qzapaiagmailcom
"Contable en Madrid para lleva la contabilidad y seguros sociales de una nueva empresa
                ",http://www.nubelo.com/proyecto/contable-en-madrid-para-lleva-la-contabilidad-y-seguros-sociales-de-una-nueva-empresa
"Busco profesor para aprender a crear aplicaciones web. Especialmente en Ruby on Rails
                ",http://www.nubelo.com/proyecto/busco-profe-para-aprender-a-crear-aplicaciones-web-especialmente-en-ruby-on-rails
"Escribe para un blog líder en marketing digital y social media
                ",http://www.nubelo.com/proyecto/escribe-para-un-blog-lider-en-marketing-digital-y-social-media
"Crear 2 apps en ios y Android y una pagina web
                ",http://www.nubelo.com/proyecto/crear-2-apps-en-ios-y-android-y-una-pagina-web
"Programación en PHP/CodeIgniter3
                ",http://www.nubelo.com/proyecto/programacion-en-phpcodeigniter3
"Community
                ",http://www.nubelo.com/proyecto/proinfoalte
"Proyecto Posicionamiento/Venta Ecommerce en FACEBOOK
                ",http://www.nubelo.com/proyecto/proyecto-posicionamientoventa-ecommerce-en-facebook
"Marketing Assistant con catalán
                ",http://www.nubelo.com/proyecto/marketing-assistant-con-catalan-1
"Desarrollar proyecto 3D
                ",http://www.nubelo.com/proyecto/desarrollar-proyecto-3d
"Maquetación de presentaciones power point
                ",http://www.nubelo.com/proyecto/maquetacion-de-presentaciones-power-point
"Dar a conocer web 
                ",http://www.nubelo.com/proyecto/dar-a-conocer-web
"Redactor/a contenido multitemático
                ",http://www.nubelo.com/proyecto/redactora-contenido-multitematico
"Mantenimiento de web wordpress y comunity manager en Barcelona
                ",http://www.nubelo.com/proyecto/mantenimiento-de-web-wordpress-y-comunity-manager-en-barcelona
"Logotipo
                ",http://www.nubelo.com/proyecto/logotipo-271
"Crear juego para dispositivo MaxForce1
                ",http://www.nubelo.com/proyecto/crear-juego-para-dispositivo-maxforce1
"Plataforma Comercial - Grupo Hotelero
                ",http://www.nubelo.com/proyecto/plataforma-comercial-grupo-hotelero
"Soporte informático a Consultoria BPO
                ",http://www.nubelo.com/proyecto/soporte-informatico-a-consultoria-bpo
"publicidad digital
                ",http://www.nubelo.com/proyecto/publicidad-digital-1
"Realizar el SEO de mi WEB
                ",http://www.nubelo.com/proyecto/realizar-el-seo-de-mi-web
"Asesor Comercial 
                ",http://www.nubelo.com/proyecto/asesor-comercial--79
"Busco redactores freelance para un blog de decoración de fiestas
                ",http://www.nubelo.com/proyecto/busco-redactores-freelance-para-un-blog-de-decoracion-de-fiestas
"Redactor Publicitario
                ",http://www.nubelo.com/proyecto/redactor-publicitario-4
"crear la web de mi empresa
                ",http://www.nubelo.com/proyecto/crear-la-web-de-mi-empresa-69
"hacer ajustes y cambios en mi sitio web 
                ",http://www.nubelo.com/proyecto/hacer-ajustes-y-cambios-en-mi-sitio-web
"colaborar en proyecto
                ",http://www.nubelo.com/proyecto/colaborar-en-proyecto
"Redactar los textos, conversaciones, descripciones de objetos y demás de un videojuego educativo.
                ",http://www.nubelo.com/proyecto/redactar-los-textos-conversaciones-descripciones-de-objetos-y-demas-de-un-videojuego-educativo
"Terminar de configurar módulo de Mailchimp para Drupal
                ",http://www.nubelo.com/proyecto/terminar-de-configurar-modulo-de-mailchimp-para-drupal
"ayuda con proyecto de prestashop
                ",http://www.nubelo.com/proyecto/ayuda-con-proyecto-de-prestashop
"Linkbuilder
                ",http://www.nubelo.com/proyecto/linkbuilder-8
" Contactar con empresas que utilicen la tecnología webGL para proyecto programación landing page
                ",http://www.nubelo.com/proyecto/-contactar-con-empresas-que-utilicen-la-tecnologia-webgl-para-proyecto-programacion-landing-page
"Front y Back end para una site corporativa, aplicando cms,
                ",http://www.nubelo.com/proyecto/front-y-back-end-para-una-site-corporativa-aplicando-cms
"Redactores Mexicanos para textos SEO en Tecnología, Viajes, Belleza, Moda, etc.
                ",http://www.nubelo.com/proyecto/redactores-mexicanos-para-textos-seo-en-tecnologia-viajes-belleza-moda-etc
"Senior J2EE Tech Lead Freelance Presencial en Madrid
                ",http://www.nubelo.com/proyecto/senior-j2ee-tech-lead-freelance-indispensable-residencia-en-madrid
"Crear hostpot de pago 
                ",http://www.nubelo.com/proyecto/crear-hostpot-de-pago
"Atender el teléfono desde casa
                ",http://www.nubelo.com/proyecto/atender-el-telefono-desde-casa
"Copywritter para fichas de producto - ¿Eres redactor publicitario? ¡Te estamos buscando!
                ",http://www.nubelo.com/proyecto/copywritter-para-fichas-de-producto-eres-redactor-publicitario-te-estamos-buscando
"Programador Ios
                ",http://www.nubelo.com/proyecto/programador-ios-83
"Página web de servicios y ecommerce autogestionable con una buena interfaz de administrador
                ",http://www.nubelo.com/proyecto/pagina-web-de-servicios-y-ecommerce-autogestionable-con-una-buena-interfaz-de-administrador
"Crear Web de Empresa
                ",http://www.nubelo.com/proyecto/crear-web-de-empresa-6
"Juego app para móvil (presupuesto negociable)
                ",http://www.nubelo.com/proyecto/juego-app-para-movil-presupuesto-negociable
"Integración de datos entre 2 bases de datos
                ",http://www.nubelo.com/proyecto/integracion-de-datos-entre-2-bases-de-datos
"Avatar motion capture con kinect
                ",http://www.nubelo.com/proyecto/avatar-motion-capture-con-kinect
"Ganaofertas
                ",http://www.nubelo.com/proyecto/ganaofertas
"Redactor
                ",http://www.nubelo.com/proyecto/redactor-718
"profesional de ventas y profesional de prensa
                ",http://www.nubelo.com/proyecto/profesional-de-ventas-y-profesional-de-prensa
"DISEÑOS DE BANNERS PARA VENTA / DISEÑO GRAFICO EN GENERAL PARA COMUNICACION
                ",http://www.nubelo.com/proyecto/disenos-de-banners-para-venta-diseno-grafico-en-general-para-comunicacion
"logo empresa
                ",http://www.nubelo.com/proyecto/logo-empresa-18
"Modificación de brochure
                ",http://www.nubelo.com/proyecto/modificacion-de-brochure
"recuperar/mejorar nuestra web. Potenciar redes sociales
                ",http://www.nubelo.com/proyecto/recuperarmejorar-nuestra-web-potenciar-redes-sociales
"Manual de procedimientos
                ",http://www.nubelo.com/proyecto/manual-de-procedimientos
"Finalización de sitio web en opencart
                ",http://www.nubelo.com/proyecto/finalizacion-de-sitio-web-en-opencart
"Crear imagen linux de openwrt para tplink 841n v11
                ",http://www.nubelo.com/proyecto/crear-imagen-linux-de-openwrt-para-tplink-841n-v11
"ASISTENTE DE OFICINA BACK OFFICE
                ",http://www.nubelo.com/proyecto/asistente-de-oficina-back-office
"TELEOPERADORES
                ",http://www.nubelo.com/proyecto/teleoperadores-15
"Redactor para blog de cine y entretenimiento 
                ",http://www.nubelo.com/proyecto/redactor-para-blog-de-cine-y-entretenimiento
"Asistente Virtual 2horas/dia
                ",http://www.nubelo.com/proyecto/asistente-virtual-2horasdia
"Programación de Backend en Node.js - NoSQL
                ",http://www.nubelo.com/proyecto/programacion-de-backend-en-nodejs-nosql
"Desarrollador de aplicaciones móviles
                ",http://www.nubelo.com/proyecto/desarrollador-de-aplicaciones-moviles-23
"Creación de gestor de catálogo de productos
                ",http://www.nubelo.com/proyecto/creacion-de-gestor-de-catalogo-de-productos
"Rom de Android personalizado
                ",http://www.nubelo.com/proyecto/rom-de-android-personalizado
"proyecto web
                ",http://www.nubelo.com/proyecto/proyecto-web-24
"Web e-commerce: buscamos Desarrollador front-end/full stack
                ",http://www.nubelo.com/proyecto/web-e-commerce-buscamos-desarrollador-front-end-full-stack
"Odoo / ERP. Crear Web empresa NetworkMarketing
                ",http://www.nubelo.com/proyecto/odoo-erp-crear-web-empresa-networkmarketing
"programador ios android
                ",http://www.nubelo.com/proyecto/programador-ios-android-5
"Programador PHP
                ",http://www.nubelo.com/proyecto/programador-php-890
"Formadores en SAP Business One
                ",http://www.nubelo.com/proyecto/formadores-en-sap-business-one
"se busca dibujante
                ",http://www.nubelo.com/proyecto/se-busca-dibujante-43
"Buscamos traductores de español a portugues (Brasil) para blog de maternidad y niños
                ",http://www.nubelo.com/proyecto/buscamos-traductores-de-espanol-a-portugues-brasil-para-blog-de-maternidad-y-ninos
"programador web
                ",http://www.nubelo.com/proyecto/programador-web-759
"Diseño de piezas gráficas para RRSS - Trans media. 
                ",http://www.nubelo.com/proyecto/diseno-de-piezas-graficas-para-rrss-trans-media
"acuerdo de socios y documento por utilidades para 5 personas
                ",http://www.nubelo.com/proyecto/acuerdo-de-socios-y-documento-por-utilidades-para-5-personas
" Ingeniero informático
                ",http://www.nubelo.com/proyecto/ingeniero-informatico-25
"Traductores de artículos de inglés a danés
                ",http://www.nubelo.com/proyecto/traductores-de-articulos-de-ingles-a-danes
"Desarrollo de herramienta openCV para detección de piezas y sus características
                ",http://www.nubelo.com/proyecto/desarrollo-de-herramienta-opencv-para-deteccion-de-piezas-y-sus-caracteristicas-2
"Diseñador Eplan
                ",http://www.nubelo.com/proyecto/disenador-eplan
"crear modelado y 2d de un control fixture
                ",http://www.nubelo.com/proyecto/crear-modelado-y-2d-de-un-control-fixture
"elaborar web empresa consultoria/ Perfil residencia en Madrid
                ",http://www.nubelo.com/proyecto/elaborar-web-empresa-consultoria
"Videos de producto
                ",http://www.nubelo.com/proyecto/videos-de-producto
"Programador Senior .NET y T-Sql
                ",http://www.nubelo.com/proyecto/programador-senior-net-y-t-sql
"Crear base de datos online con campos inteligentes
                ",http://www.nubelo.com/proyecto/crear-base-de-datos-online-con-campos-inteligentes
"Crear etiquetas para botellas aceite esenciales
                ",http://www.nubelo.com/proyecto/crear-etiquetas-para-botellas-aceite-esenciales
"Poner en marcha pagina web con plantilla de woocommerce
                ",http://www.nubelo.com/proyecto/poner-en-marcha-pagina-web-con-plantilla-de-woocommerce
"Diseñador
                ",http://www.nubelo.com/proyecto/disenador-1752
"Diseños gráficos e ilustraciones para decorar linea de ropa sustentable
                ",http://www.nubelo.com/proyecto/disenos-graficos-e-ilustraciones-para-decorar-linea-de-ropa-sustentable
"Google Adwors + Landing
                ",http://www.nubelo.com/proyecto/google-adwors-landing-2
"Desarrollo Front-end / Full Stack
                ",http://www.nubelo.com/proyecto/desarrollo-front-end-full-stack
"Desarrollador PHP
                ",http://www.nubelo.com/proyecto/desarrollador-php-274
"Traducción al Español 3
                ",http://www.nubelo.com/proyecto/traduccion-al-espanol-3
"Redactores de contenidos para trabajos academicos 
                ",http://www.nubelo.com/proyecto/redactores-de-contenidos-para-trabajos-academicos-
"Estudio de marca y redes sociales
                ",http://www.nubelo.com/proyecto/estudio-de-marca-y-redes-sociales
"Desarrollo de sistema para Digital Signage (APP y Back-End)
                ",http://www.nubelo.com/proyecto/desarrollo-de-sistema-para-digital-signage-app-y-back-end
"Diseñador/a Grafico con Conocimientos de WordPress
                ",http://www.nubelo.com/proyecto/disenadora-grafico-con-conocimientos-de-wordpress
"crear un flyer de tamaño A5
                ",http://www.nubelo.com/proyecto/crear-un-flyers-de-tamano-a5
"Redactor SEO
                ",http://www.nubelo.com/proyecto/redactor-seo-9
"seo migration domain
                ",http://www.nubelo.com/proyecto/seo-migration-domain
"Desarrollo en Pentaho
                ",http://www.nubelo.com/proyecto/desarrollo-en-pentaho-3
"Fusión de plataformas Moodle con Wordpress
                ",http://www.nubelo.com/proyecto/fusion-de-plataformas-moodle-con-wordpress
"Necesito un Programador Web para realizar webs a medida
                ",http://www.nubelo.com/proyecto/necesito-un-programador-web-para-realizar-webs-a-medida
"Técnico de mantenimiento y operaciones
                ",http://www.nubelo.com/proyecto/tecnico-de-mantenimiento-y-operaciones
"Técnicos de Internet
                ",http://www.nubelo.com/proyecto/tecnicos-de-internet
"Programador Android
                ",http://www.nubelo.com/proyecto/programador-android-138
"Analista Programador IOS
                ",http://www.nubelo.com/proyecto/analista-programador-ios-13
"Desarrollador python 1h/dia (tkinter/tkk/pmw)
                ",http://www.nubelo.com/proyecto/desarrollador-python-1hdia-tkintertkkpmw
"Sistema ETL + BI
                ",http://www.nubelo.com/proyecto/sistema-etl-bi
"Web developer/Programmer 
                ",http://www.nubelo.com/proyecto/web-developer-programmer-
"Instalar software TIA Portal de Siemens
                ",http://www.nubelo.com/proyecto/instalar-software-tia-portal-de-siemens
"Comercial a puerta fría para particulares y empresas
                ",http://www.nubelo.com/proyecto/comercial-a-puerta-fria-para-particulares-y-empresas
"Senior Front End Dev. JS Angular
                ",http://www.nubelo.com/proyecto/senior-front-end-dev-js-angular-1
"programming a dynamic page in MVC
                ",http://www.nubelo.com/proyecto/programming-a-dynamic-page-in-mvc-3
"Modificar un Script Wordpress
                ",http://www.nubelo.com/proyecto/modificar-un-script-wordpress
"Freelance Helpdesk in Barcelona
                ",http://www.nubelo.com/proyecto/freelance-helpdesk-in-barcelona-1
"presentación de stand
                ",http://www.nubelo.com/proyecto/presentacion-de-stand
"Freelances con experiencia en llamadas en frío
                ",http://www.nubelo.com/proyecto/freelances-con-experiencia-en-llamadas-en-frio-1
"Desarrollar software de gestión para ópticas
                ",http://www.nubelo.com/proyecto/desarrollar-software-de-gestion-para-opticas
"programming a dynamic page in MVC, In Spanish: programar una página dinámica en MVC.
                ",http://www.nubelo.com/proyecto/programming-a-dynamic-page-in-mvc-in-spanish-programar-una-pagina-dinamica-en-mvc-2
"Programación en WordPress para realizar buscador de propiedades para Inmobiliaria. 
                ",http://www.nubelo.com/proyecto/programacion-en-wordpress-para-realizar-buscador-de-propiedades-para-inmobiliaria
"Programador software con framework Mercury
                ",http://www.nubelo.com/proyecto/programador-software-con-framework-mercury
"Creación pagetab Facebook
                ",http://www.nubelo.com/proyecto/creacion-pagetab-facebook
"Logo y banners , imagen corporativa
                ",http://www.nubelo.com/proyecto/logo-y-banners-imagen-corporativa
"Networkmarketing
                ",http://www.nubelo.com/proyecto/networkmarketing-4
"Formar un grupo de trabajo para la creación de app
                ",http://www.nubelo.com/proyecto/formar-un-grupo-de-trabajo-para-la-creacion-de-app
"Parametrización y reporteria
                ",http://www.nubelo.com/proyecto/parametrizacion-y-reporteria
"Diseñar creatividades para campañas de mail marketing
                ",http://www.nubelo.com/proyecto/disenar-creatividades-para-campanas-de-mail-marketing
"Freelance colaborativo de AngularJS y Backbone, PHP
                ",http://www.nubelo.com/proyecto/freelance-colaborativo-de-angularjs-y-backbone-php
"Analista/Programador BackEnd .NET (C# y T-SQL)
                ",http://www.nubelo.com/proyecto/analista-programador-backend-net-c-y-t-sql
"Auditoria web/ Prestashop
                ",http://www.nubelo.com/proyecto/auditoria-web-wwwsimcardmovilcom
"Mejorar el diseño de mi web
                ",http://www.nubelo.com/proyecto/mejorar-el-diseno-de-mi-web
"programador en python
                ",http://www.nubelo.com/proyecto/programador-en-python-2
"Análisis rentabilidad de negocio, técnicas de pricing
                ",http://www.nubelo.com/proyecto/analisis-rentabilidad-de-negocio-tecnicas-de-pricing
"Designer Android Material
                ",http://www.nubelo.com/proyecto/designer-android-material-1
"Técnic@ Administrativo
                ",http://www.nubelo.com/proyecto/tecnic-administrativo
"CRM Strategy for Wordpress Company Site
                ",http://www.nubelo.com/proyecto/crm-strategy-for-wordpress-company-site
"Landing page con contador de tiempo
                ",http://www.nubelo.com/proyecto/landing-page-con-contador-de-tiempo
"Reportería customizable bajo Pentaho con recursos en Moodle
                ",http://www.nubelo.com/proyecto/reporteria-customizable-bajo-pentaho-con-recursos-en-moodle
"App para Android - Visualizar Pdf
                ",http://www.nubelo.com/proyecto/app-para-android-visualizar-pdf
"Re dessarollara la app
                ",http://www.nubelo.com/proyecto/re-dessarollara-la-app
"Animación 2D para videoclip musical
                ",http://www.nubelo.com/proyecto/animacion-2d-para-videoclip-musical
"Creación de una Malla curricular bajo plataforma Moodle
                ",http://www.nubelo.com/proyecto/creacion-de-una-malla-curricular-bajo-plataforma-moodle
"Mejorar Tasa de Conversion en Ecommerce
                ",http://www.nubelo.com/proyecto/mejorar-tasa-de-conversion-en-ecommerce-1
"Cargar aplicación Companion a la tienda Samsung Galaxy Apps
                ",http://www.nubelo.com/proyecto/cargar-aplicacion-companion-a-la-tienda-samsung-galaxy-apps
"Diseñador/a 3D
                ",http://www.nubelo.com/proyecto/disenadora-3d-3
"crear la web de mi amigo
                ",http://www.nubelo.com/proyecto/crear-la-web-de-mi-amigo
"Especialista en estrategia SEO OFF Page
                ",http://www.nubelo.com/proyecto/especialista-en-estrategia-seo-off-page
"Marketing Digital
                ",http://www.nubelo.com/proyecto/marketing-digital-64
"Programador Web PrestaShop
                ",http://www.nubelo.com/proyecto/programador-web-prestashop-4
"Creación aplicación web (MEAN stack)
                ",http://www.nubelo.com/proyecto/creacion-aplicacion-web-mean-stack-1
"Programador con conocimiento de Prestashop
                ",http://www.nubelo.com/proyecto/programador-con-conocimiento-de-prestashop-1
"a3erp
                ",http://www.nubelo.com/proyecto/a3erp
"Generacion de Contenidos
                ",http://www.nubelo.com/proyecto/generacion-de-contenidos-10
"integración en wordpress
                ",http://www.nubelo.com/proyecto/integracion-en-wordpress-1
"Generación de Contenido para Blog de Finanzas y Economía
                ",http://www.nubelo.com/proyecto/generacion-de-contenido-para-blog-de-finanzas-y-economia
"Diseñadores Gráficos
                ",http://www.nubelo.com/proyecto/disenadores-graficos-17
"?Diseñador UX y Desarrollador? ?.NET? ?
                ",http://www.nubelo.com/proyecto/disenador-ux-y-desarrollador-net
"modificar y arreglar algunos fallos en mi tienda prestashop
                ",http://www.nubelo.com/proyecto/modificar-y-arreglar-algunos-fallos-en-mi-tienda-prestashop
"Programador Web
                ",http://www.nubelo.com/proyecto/programador-web-749
"Animación 3D Dibujos
                ",http://www.nubelo.com/proyecto/animacion-3d-dibujos-1
"Desarrollador Free Lance/Por requerimientos o solicitudes
                ",http://www.nubelo.com/proyecto/desarrollador-free-lancepor-requerimientos-o-solicitudes
"Texto escolar de matemáticas
                ",http://www.nubelo.com/proyecto/texto-escolar-de-matematicas
"Crear un sitio web de comercio en linea
                ",http://www.nubelo.com/proyecto/crear-un-sitio-web-de-comercio-en-linea
"Diseñar una plataforma web 3.0
                ",http://www.nubelo.com/proyecto/disenar-una-plataforma-web-30
"Desarrollar un programa para logìstica sustentable y una aplicaciòn para venta de productos online.
                ",http://www.nubelo.com/proyecto/desarrollar-un-programa-para-logistica-sustentable-y-una-aplicacion-para-venta-de-productos-online
"implantar, parametrizar erp Odoo
                ",http://www.nubelo.com/proyecto/implantar-parametrizar-erp-odoo
"App para un Municipio
                ",http://www.nubelo.com/proyecto/app-para-un-municipio
"Rediseñar mi web
                ",http://www.nubelo.com/proyecto/redisenar-mi-web-3
"Extraer datos .mdb (access)
                ",http://www.nubelo.com/proyecto/extraer-datos-mdb-access
"Programador WEB
                ",http://www.nubelo.com/proyecto/programador-web-746
"Crear app que enlace con programa en pc y desde ahí emita un documento con fotos. Que todo se pueda alojar en la nube.
                ",http://www.nubelo.com/proyecto/crear-app-que-enlace-con-programa-en-pc-y-desde-ahi-emita-un-documento-con-fotos-que-todo-se-pueda-alojar-en-la-nube
"Desarrollo Software
                ",http://www.nubelo.com/proyecto/desarrollo-software-24
"Redactor de articulos para un blog 
                ",http://www.nubelo.com/proyecto/redactor-de-articulos-para-un-blog-1
"Complementar funcionalidad existente usando CytoscapeWeb
                ",http://www.nubelo.com/proyecto/complementar-funcionalidad-existente-usando-cytoscapeweb
"Proyecto: Programador Web
                ",http://www.nubelo.com/proyecto/proyecto-programador-web
"Periodista para redactar las noticias de un blog sobre automóviles
                ",http://www.nubelo.com/proyecto/periodista-para-redactar-las-noticias-de-un-blog-sobre-automoviles
"Instalar Wordpress en mi ordenador Windows server
                ",http://www.nubelo.com/proyecto/instalar-wordpress-en-mi-ordenador-windows-server
"Diseño de app mobile con mapas
                ",http://www.nubelo.com/proyecto/diseno-de-app-mobile-con-mapas
"mejora de plantilla excel
                ",http://www.nubelo.com/proyecto/mejora-de-plantilla-excel
"Pasar apuntes de marketing digital a libro
                ",http://www.nubelo.com/proyecto/pasar-apuntes-de-marketing-digital-a-libro
"Desarrollador Youtube 
                ",http://www.nubelo.com/proyecto/desarrollador-youtube
"Technical support M2M
                ",http://www.nubelo.com/proyecto/technical-support-m2m
"Ingeniero de Redes N2
                ",http://www.nubelo.com/proyecto/ingeniero-de-redes-n2
"Helpdesk Junior
                ",http://www.nubelo.com/proyecto/helpdesk-junior
"Desarrollador en Wordpress
                ",http://www.nubelo.com/proyecto/desarrollador-en-wordpress-1
"Diseño gráfico Club de Fútbol 
                ",http://www.nubelo.com/proyecto/diseno-grafico-club-de-futbol-
"PROGRAMADOR PARA ACCESS
                ",http://www.nubelo.com/proyecto/programador-para-access
"xml prestashop
                ",http://www.nubelo.com/proyecto/xml-prestashop
"Traductores de artículos de salud de español a alemán 
                ",http://www.nubelo.com/proyecto/traductores-de-articulos-de-salud-de-espanol-a-aleman
"Traductores de artículos de salud de ingles o español a coreano 
                ",http://www.nubelo.com/proyecto/traductores-de-articulos-de-salud-de-ingles-o-espanol-a-coreano
"Vendedores profesionales 
                ",http://www.nubelo.com/proyecto/vendedores-profesionales--1
"Desarrollador Web
                ",http://www.nubelo.com/proyecto/desarrollador-web-404
"Mejoras y nuevas funcionalidades para comunidad de usuarios online
                ",http://www.nubelo.com/proyecto/mejoras-y-nuevas-funcionalidades-para-comunidad-de-usuarios-online
"Plan Contable de mi empresa
                ",http://www.nubelo.com/proyecto/plan-contable-de-mi-empresa
"Desarrollar Meta Buscador
                ",http://www.nubelo.com/proyecto/desarrollar-meta-buscador
"Editar Template After Effects Holographic
                ",http://www.nubelo.com/proyecto/editar-template-after-effects-holographic
"Operador CNC
                ",http://www.nubelo.com/proyecto/operador-cnc
"Conversión de documentos PDF y Word para representarlos y anotarlos en el navegador
                ",http://www.nubelo.com/proyecto/conversion-de-documentos-pdf-y-word-para-representarlos-y-anotarlos-en-el-navegador
"necesito desarrollar un programa de labview
                ",http://www.nubelo.com/proyecto/necesito-desarrollar-un-programa-de-labview
"crear la web de mi empresa 
                ",http://www.nubelo.com/proyecto/crear-la-web-de-mi-empresa-67
"Soporte Técnico
                ",http://www.nubelo.com/proyecto/httpwwwauditsacommx-2
"Soporte Técnico
                ",http://www.nubelo.com/proyecto/httpwwwauditsacommx-1
"Soporte Técnico
                ",http://www.nubelo.com/proyecto/httpwwwauditsacommx
"Diseñador Gráfico con experiencia en redes sociales, prestashop y fotografía
                ",http://www.nubelo.com/proyecto/disenador-grafico-con-experiencia-en-redes-sociales-prestashop-y-fotografia
"Diseño aplicaciones.
                ",http://www.nubelo.com/proyecto/diseno-aplicaciones-1
"Crear App Android
                ",http://www.nubelo.com/proyecto/crear-app-android-1
"Backend para web de alto tráfico
                ",http://www.nubelo.com/proyecto/backend-para-web-de-alto-trafico
"Terminar programación plugin wordpress
                ",http://www.nubelo.com/proyecto/terminar-programacion-plugin-wordpress
"busco programador de juegos multiplayer  en html5 + conexion facebook
                ",http://www.nubelo.com/proyecto/busco-programador-de-juegos-multiplayer-en-html5-conexion-facebook
"Soporte Técnico
                ",http://www.nubelo.com/proyecto/httpwwwauditsacommx-6
"Traductor alemán-español
                ",http://www.nubelo.com/proyecto/traductor-aleman-espanol
"Traducción al Español
                ",http://www.nubelo.com/proyecto/traduccion-al-espanol-2
"AP J2EE
                ",http://www.nubelo.com/proyecto/ap-j2ee-7
"Error resumen carrito 
                ",http://www.nubelo.com/proyecto/error-resumen-carrito
"Operador de cámara/editor de video freelance 
                ",http://www.nubelo.com/proyecto/operador-de-camara-editor-de-video-freelance-
"Declaración trimestral de un trabajador en régimen general de autónomos. 
                ",http://www.nubelo.com/proyecto/declaracion-trimestral-de-un-trabajador-en-regimen-general-de-autonomos
"Python/Django
                ",http://www.nubelo.com/proyecto/pythondjango-2
"Traducción textos a aleman
                ",http://www.nubelo.com/proyecto/traduccion-textos-a-aleman
"Buscamos SEO nivel Experto en Freelance para e-commerce (NO AGENCIA)
                ",http://www.nubelo.com/proyecto/buscamos-seo-nivel-experto-en-freelance-para-e-commerce-no-agencia-1
"Actualizar base de datos de programaciones culturales, seguimiento telefónico con clientes
                ",http://www.nubelo.com/proyecto/actualizar-base-de-datos-de-programaciones-culturales-seguimiento-telefonico-con-clientes
"Desarrollo de web de votación en tiempo real
                ",http://www.nubelo.com/proyecto/desarrollo-de-web-de-votacion-en-tiempo-real
"App gimnasio con Appcelerator (Alloy)
                ",http://www.nubelo.com/proyecto/app-gimnasio-con-appcelerator-alloy
"Site boxeadores prestashop
                ",http://www.nubelo.com/proyecto/site-boxeadores-prestashop
"crear una buscador léxico semántico
                ",http://www.nubelo.com/proyecto/crear-una-buscador-lexico-semantico
"Community manager
                ",http://www.nubelo.com/proyecto/community-manager-490
"Diseño PSD
                ",http://www.nubelo.com/proyecto/diseno-psd-3
"vendedores online para ventas de e-commerce
                ",http://www.nubelo.com/proyecto/vendedores-online-para-ventas-de-e-commerce
"Programador PHP Freelance
                ",http://www.nubelo.com/proyecto/programador-php-freelance-9
"zumoverde - Redactor de contenidos
                ",http://www.nubelo.com/proyecto/zumoverde
"Diseñar un catálogo de productos alimenticios ecológicos.
                ",http://www.nubelo.com/proyecto/disenar-un-catalogo-de-productos-alimenticios-ecologicos-1
"PROGRAMADOR UI/UX
                ",http://www.nubelo.com/proyecto/programador-uiux
"Team Leader PL1
                ",http://www.nubelo.com/proyecto/team-leader-pl1
"Programador angular js Ref. 447
                ",http://www.nubelo.com/proyecto/programador-angular-js-ref-447
"Programador Access
                ",http://www.nubelo.com/proyecto/programador-access-12
" Growth Hacker / CMO
                ",http://www.nubelo.com/proyecto/-growth-hacker-cmo
"Copy Publicitario freelance
                ",http://www.nubelo.com/proyecto/copy-publicitario-freelance
"Proyecto Control Remoto equipos Android
                ",http://www.nubelo.com/proyecto/proyecto-control-remoto-equipos-android
"Proyecto para Programador Ruby, Angular 2 
                ",http://www.nubelo.com/proyecto/proyecto-para-programador-ruby-angular-2
"Asistente Virtual/VA para proyectos varios en España
                ",http://www.nubelo.com/proyecto/asistente-virtualva-para-proyectos-varios-en-espana
"Agente Comercial online o presencial( a escoger por el postulante)
                ",http://www.nubelo.com/proyecto/agente-comercial-online-o-presencial-a-escoger-por-el-postulante
"JUNIOR DEVELOPER
                ",http://www.nubelo.com/proyecto/junior-developer-6
"Crear una aplicación 
                ",http://www.nubelo.com/proyecto/crear-una-aplicacion--57
"Crear una web de video bajo demanda por suscripcion
                ",http://www.nubelo.com/proyecto/crear-una-web-de-video-bajo-demanda-por-suscripcion
"Colaborador@s para asesoria
                ",http://www.nubelo.com/proyecto/colaboradors-para-asesoria
"Realizar televenta
                ",http://www.nubelo.com/proyecto/realizar-televenta
"Versión responsive de web existente
                ",http://www.nubelo.com/proyecto/version-responsive-de-web-existente
"Traducción de artículos de Psicología de Español a Francés
                ",http://www.nubelo.com/proyecto/traduccion-de-articulos-de-psicologia-de-espanol-a-frances
"Freelance QlikView / QlikSense
                ",http://www.nubelo.com/proyecto/freelance-qlikview-qliksense
"Generacion de contenidos
                ",http://www.nubelo.com/proyecto/generacion-de-contenidos-9
"Redacción notas para blog
                ",http://www.nubelo.com/proyecto/redaccion-notas-para-blog
"manejo de redes sociales, posicionamiento en google y campañas publicitarias de la empresa
                ",http://www.nubelo.com/proyecto/manejo-de-redes-sociales-posicionamiento-en-google-y-campanas-publicitarias-de-la-empresa
"TOURISTPHONE.app precisa incorporar Comercial Freelance
                ",http://www.nubelo.com/proyecto/touristphoneapp-precisa-incorporar-comercial-freelance
"BUSCAMOS TRADUCTOR CASTELLANO-ITALIANO (URGENTE)
                ",http://www.nubelo.com/proyecto/buscamos-traductor-castellano-italiano-urgente-1
"BUSCAMOS TRADUCTOR CASTELLANO-ALEMÁN
                ",http://www.nubelo.com/proyecto/buscamos-traductor-castellano-aleman
"eMagicOne - Prestashop
                ",http://www.nubelo.com/proyecto/emagicone-prestashop
"Un experto para elaborar una estrategia de Marketing/ Preferentemente Barcelona- Gerona
                ",http://www.nubelo.com/proyecto/un-experto-para-elaborar-una-estrategia-de-marketing
"Mejorar canal Youtube
                ",http://www.nubelo.com/proyecto/mejorar-canal-youtube
"Diseño de pagina web para Artista/Musica.
                ",http://www.nubelo.com/proyecto/diseno-de-pagina-web-para-artistamusica
"Javascript Developer
                ",http://www.nubelo.com/proyecto/javascript-developer-31
"Módulo de pago para Shopify
                ",http://www.nubelo.com/proyecto/modulo-de-pago-para-shopify
"Diseñador gráfico/a para soporte a estudio de diseño
                ",http://www.nubelo.com/proyecto/disenador-graficoa-para-soporte-a-estudio-de-diseno
"Creación de imagen corporativa general en tienda de alimentación.
                ",http://www.nubelo.com/proyecto/creacion-de-imagen-corporativa-general-en-tienda-de-alimentacion
"Creación artículos.
                ",http://www.nubelo.com/proyecto/creacion-articulos-3
"Técnico de operaciones para back-office
                ",http://www.nubelo.com/proyecto/tecnico-de-operaciones-para-back-office
"programar apps andriod ios sector turismo méxico
                ",http://www.nubelo.com/proyecto/programar-apps-andriod-ios-sector-turismo-mexico
"Web con template de wordpress
                ",http://www.nubelo.com/proyecto/web-con-template-de-wordpress
"Desarrollo de módulo de notificaciones para una Aplicación móvil
                ",http://www.nubelo.com/proyecto/desarrollo-de-modulo-de-notificaciones-para-una-aplicacion-movil
"Especialista de File Maker PRO
                ",http://www.nubelo.com/proyecto/especialista-de-file-maker-pro
"Emprendedor desarrollador web y movíl
                ",http://www.nubelo.com/proyecto/emprendedor-desarrollador-web-y-movil
"Consultor SEO con experiencia
                ",http://www.nubelo.com/proyecto/consultor-seo-con-experiencia
"Comercial / Gerente de cuentas 
                ",http://www.nubelo.com/proyecto/comercial-gerente-de-cuentas-
"desarrollador web con experiencia con Wordpress
                ",http://www.nubelo.com/proyecto/desarrollador-web-con-experiencia-con-wordpress
"Diseño flyer 
                ",http://www.nubelo.com/proyecto/diseno-flyer--16
"Diseñador Animación
                ",http://www.nubelo.com/proyecto/disenador-animacion-1
"Especialista en Analítica > Google Analytics, Dahsboards, BI...
                ",http://www.nubelo.com/proyecto/especialista-en-analitica-google-analytics-dahsboards-bi
"Full Stack Developer
                ",http://www.nubelo.com/proyecto/full-stack-developer-37
"Programador y Maquetador Drupal
                ",http://www.nubelo.com/proyecto/programador-y-maquetador-drupal
"Aplicacion web y movil para servicio similar a Hailo, pero en otro sector.
                ",http://www.nubelo.com/proyecto/aplicacion-web-y-movil-para-servicio-similar-a-hailo-pero-en-otro-sector
"Desarrollo plataforma eLearning y cursos online
                ",http://www.nubelo.com/proyecto/desarrollo-plataforma-elearning-y-cursos-online
"Gestión plan estratégico promocional en Instagram para empresa E-Commerce 
                ",http://www.nubelo.com/proyecto/gestion-plan-estrategico-promocional-en-instagram-para-empresa-e-commerce
"HACER FOTOGRAFÍAS DE PRODUCTOS ALIMENTICIOS ECOLÓGICOS.
                ",http://www.nubelo.com/proyecto/hacer-fotografias-de-productos-alimenticios-ecologicos-1
"Gestión Marketplaces Amazon/eBay
                ",http://www.nubelo.com/proyecto/plan-estrategico-de-promocion-y-venta-en-amazonebay-empresa-e-commerce
"Social Media y Data Analist
                ",http://www.nubelo.com/proyecto/social-media-y-data-analist-1
"Preparar colección de bolsos
                ",http://www.nubelo.com/proyecto/preparar-coleccion-de-bolsos
"Cambio de diseño de Frontend - MeanJS
                ",http://www.nubelo.com/proyecto/cambio-de-diseno-de-frontend-meanjs
"Tomar las fotos para la web y todo el contenido social media de la marcha Regarde Le Ciel 
                ",http://www.nubelo.com/proyecto/tomar-las-fotos-para-la-web-y-todo-el-contenido-social-media-de-la-marcha-regarde-le-ciel-
"Post producción de videos 
                ",http://www.nubelo.com/proyecto/post-produccion-de-videos-1
"Community manager
                ",http://www.nubelo.com/proyecto/community-manager-486
"Crear secciones web, Pagina de estampación textil - Serigrafía - Sublimación - Vinilo - 
                ",http://www.nubelo.com/proyecto/crear-secciones-web-pagina-de-estampacion-textil-serigrafia-sublimacion-vinilo
"Carta de Desayunos y Tapas para Cafetería elegante
                ",http://www.nubelo.com/proyecto/carta-de-desayunos-y-tapas-para-cafeteria-elegante
"Diseño personalizado de plantilla para prestashop 1,6
                ",http://www.nubelo.com/proyecto/diseno-personalizado-de-plantilla-para-prestashop-16
"Encargado para llevar RRSS
                ",http://www.nubelo.com/proyecto/encargado-para-llebar-rrss
"Analistas Programadores/as FrontEnd
                ",http://www.nubelo.com/proyecto/analistas-programadoresas-frontend
"Técnico Desarrollo Java
                ",http://www.nubelo.com/proyecto/tecnico-desarrollo-java
"Creacion de una aplicacion
                ",http://www.nubelo.com/proyecto/creacion-de-una-aplicacion-7
"Catalogo profesional de moda 
                ",http://www.nubelo.com/proyecto/catalogo-profesional-de-moda-1
"Crear logotipo de empresa
                ",http://www.nubelo.com/proyecto/crear-logotipo-de-empresa
"Buscamos traductores de español a italiano para blog de maternidad y niños
                ",http://www.nubelo.com/proyecto/buscamos-traductores-de-espanol-a-italiano-para-blog-de-maternidad-y-ninos
"Desarrollar Plugin para Magento 2 (con JQuery)
                ",http://www.nubelo.com/proyecto/desarrollar-plugin-para-magento-2-con-jquery
"Traductores de artículos de Inglés a Ucraniano
                ",http://www.nubelo.com/proyecto/traductores-de-articulos-de-ingles-a-ucraniano
"asesor contable 
                ",http://www.nubelo.com/proyecto/asesor-contable-3
"Video para un evento de capacitacion
                ",http://www.nubelo.com/proyecto/video-para-un-evento-de-capacitacion
"Analista .NET con CRM MS Dynamics (Presencial en Barcelona)
                ",http://www.nubelo.com/proyecto/analista-net-con-crm-ms-dynamics-presencial-en-barcelona-1
"agenda cultural
                ",http://www.nubelo.com/proyecto/agenda-cultural-1
"Buscar un fotógrafo por un día en Valencia
                ",http://www.nubelo.com/proyecto/buscar-un-fotografo-por-un-dia-en-valencia
"Generación de contenidos
                ",http://www.nubelo.com/proyecto/generacion-de-contenidos-8
"Gestión de Redes Sociales y relación con Bloggers
                ",http://www.nubelo.com/proyecto/gestion-de-redes-sociales-y-relacion-con-bloggers-1
"Diseñador gráfico profesional para mejoras en e-commerce de moda a nivel Europeo
                ",http://www.nubelo.com/proyecto/disenador-grafico-profesional-para-mejoras-en-e-commerce-de-moda-a-nivel-europeo-1
"Buscamos redactores para blogs de diferentes temáticas
                ",http://www.nubelo.com/proyecto/buscamos-redactores-para-blogs-de-diferentes-tematicas-1
"Periodista
                ",http://www.nubelo.com/proyecto/periodista-63
"Diseño Tríptico
                ",http://www.nubelo.com/proyecto/diseno-triptico
"Web+tienda online+programación personalizada
                ",http://www.nubelo.com/proyecto/webtienda-onlineprogramacion-personalizada
"Crear un flyer 15cm x 21cm
                ",http://www.nubelo.com/proyecto/crear-un-flyer-15cm-x-21cm
"Maquetación de PSD a HMTL+CSS
                ",http://www.nubelo.com/proyecto/maquetacion-de-psd-a-hmtl-css
"DESARROLLO DE UNA APP
                ",http://www.nubelo.com/proyecto/desarrollo-de-una-app-28
"diseño de un website
                ",http://www.nubelo.com/proyecto/diseno-de-un-website-1
"Tienda online en Joomla
                ",http://www.nubelo.com/proyecto/tienda-online-en-joomla
"App para identificar el operador de origen
                ",http://www.nubelo.com/proyecto/app-para-identificar-el-operador-de-origen
"Desarrollador web NodeJS, MongoDB y ReactJS
                ",http://www.nubelo.com/proyecto/desarrollador-web-nodejs-mongodb-y-reactjs
"Desarrollar un WebScraping
                ",http://www.nubelo.com/proyecto/desarrollar-un-webscraping
"Desarrollador IOS con Basta Experiencia
                ",http://www.nubelo.com/proyecto/desarrollador-ios-con-basta-experiencia
"Desarrollador .NET
                ",http://www.nubelo.com/proyecto/desarrollador-net-425
"Web e-commerce con blog y redes sociales para marketing online
                ",http://www.nubelo.com/proyecto/web-e-commerce-con-blog-y-redes-sociales-para-marketing-online-1
"crear la web de mi negocio
                ",http://www.nubelo.com/proyecto/crear-la-web-de-mi-negocio
"Programador Ruby on Rails - Freelances
                ",http://www.nubelo.com/proyecto/programador-ruby-on-rails-freelances-1
"Desarrollo de aplicaciones moviles en android e ios
                ",http://www.nubelo.com/proyecto/desarrollo-de-aplicaciones-moviles-en-android-e-ios-1
"ajuste modulo canvas crmvitger
                ",http://www.nubelo.com/proyecto/ajuste-modulo-canvas-crmvitger
"Front End
                ",http://www.nubelo.com/proyecto/front-end-170
"Traducción de artículos de Inglés a Danés 
                ",http://www.nubelo.com/proyecto/traduccion-de-articulos-de-ingles-a-danes
"Redactor experto estrategia en redes sociales
                ",http://www.nubelo.com/proyecto/redactor-experto-estrategia-en-redes-sociales
"Comercial
                ",http://www.nubelo.com/proyecto/wwwpapelymecheroscom
"Redactor experto en Recursos Humanos
                ",http://www.nubelo.com/proyecto/redactor-experto-en-recursos-humanos
"Programador web PHP 
                ",http://www.nubelo.com/proyecto/programador-web-php-62
"Desarrollo de ERP open source (e-commerce)
                ",http://www.nubelo.com/proyecto/desarrollo-de-erp-open-source-e-commerce
"Lider de Proyecto WEB
                ",http://www.nubelo.com/proyecto/lider-de-proyecto-web-4
"CREAR WEB DE MI EMPRESA
                ",http://www.nubelo.com/proyecto/crear-web-de-mi-empresa-15
"Crear tienda prestashop
                ",http://www.nubelo.com/proyecto/crear-tienda-prestashop
"Create turn-key Shopify Store (20 prod)
                ",http://www.nubelo.com/proyecto/create-turn-key-shopify-store-20-prod
"Desarrollo del sitio web en Wordpress para un cliente
                ",http://www.nubelo.com/proyecto/desarrollo-del-sitio-web-en-wordpress-para-un-cliente
"Webmaster que sepa actualizar páginas web en wordpress con DIVI, HTML5,HTML, CSS.
                ",http://www.nubelo.com/proyecto/webmaster-que-sepa-actualizar-paginas-web-en-wordpress-con-divi-html5html-css
"Software multiplataforma SaaS
                ",http://www.nubelo.com/proyecto/software-multiplataforma-saas
"Programador Laravel | Ajax
                ",http://www.nubelo.com/proyecto/programador-laravel-ajax
"Diseño Leaflet / minicatálogo de producto para el cuidado de Sneakers
                ",http://www.nubelo.com/proyecto/diseno-leaflet-minicatalogo-de-producto-para-el-cuidado-de-sneakers
"crear una web para un cliente
                ",http://www.nubelo.com/proyecto/crear-una-web-para-un-cliente
"Diseñar colección moda infantil
                ",http://www.nubelo.com/proyecto/disenar-coleccion-moda-infantil
"Importante Start Up 
                ",http://www.nubelo.com/proyecto/importante-start-up-
"Fotógrafo
                ",http://www.nubelo.com/proyecto/fotografo-156
